-- phpMyAdmin SQL Dump
-- version 5.1.1
-- https://www.phpmyadmin.net/
--
-- Anamakine: 127.0.0.1
-- Üretim Zamanı: 03 Oca 2022, 15:54:47
-- Sunucu sürümü: 10.4.22-MariaDB
-- PHP Sürümü: 8.0.13

SET SQL_MODE = "NO_AUTO_VALUE_ON_ZERO";
START TRANSACTION;
SET time_zone = "+00:00";


/*!40101 SET @OLD_CHARACTER_SET_CLIENT=@@CHARACTER_SET_CLIENT */;
/*!40101 SET @OLD_CHARACTER_SET_RESULTS=@@CHARACTER_SET_RESULTS */;
/*!40101 SET @OLD_COLLATION_CONNECTION=@@COLLATION_CONNECTION */;
/*!40101 SET NAMES utf8mb4 */;

--
-- Veritabanı: `app_receipt`
--

-- --------------------------------------------------------

--
-- Tablo için tablo yapısı `failed_jobs`
--

CREATE TABLE `failed_jobs` (
  `id` bigint(20) UNSIGNED NOT NULL,
  `uuid` varchar(255) COLLATE utf8mb4_unicode_ci NOT NULL,
  `connection` text COLLATE utf8mb4_unicode_ci NOT NULL,
  `queue` text COLLATE utf8mb4_unicode_ci NOT NULL,
  `payload` longtext COLLATE utf8mb4_unicode_ci NOT NULL,
  `exception` longtext COLLATE utf8mb4_unicode_ci NOT NULL,
  `failed_at` timestamp NOT NULL DEFAULT current_timestamp()
) ENGINE=InnoDB DEFAULT CHARSET=utf8mb4 COLLATE=utf8mb4_unicode_ci;

-- --------------------------------------------------------

--
-- Tablo için tablo yapısı `migrations`
--

CREATE TABLE `migrations` (
  `id` int(10) UNSIGNED NOT NULL,
  `migration` varchar(255) COLLATE utf8mb4_unicode_ci NOT NULL,
  `batch` int(11) NOT NULL
) ENGINE=InnoDB DEFAULT CHARSET=utf8mb4 COLLATE=utf8mb4_unicode_ci;

--
-- Tablo döküm verisi `migrations`
--

INSERT INTO `migrations` (`id`, `migration`, `batch`) VALUES
(1, '2014_10_12_000000_create_users_table', 1),
(2, '2014_10_12_100000_create_password_resets_table', 1),
(3, '2019_08_19_000000_create_failed_jobs_table', 1),
(4, '2019_12_14_000001_create_personal_access_tokens_table', 1),
(5, '2021_12_05_142318_products', 1),
(6, '2021_12_06_091618_receipt', 1),
(7, '2021_12_06_091838_receipts_products', 1);

-- --------------------------------------------------------

--
-- Tablo için tablo yapısı `password_resets`
--

CREATE TABLE `password_resets` (
  `email` varchar(255) COLLATE utf8mb4_unicode_ci NOT NULL,
  `token` varchar(255) COLLATE utf8mb4_unicode_ci NOT NULL,
  `created_at` timestamp NULL DEFAULT NULL
) ENGINE=InnoDB DEFAULT CHARSET=utf8mb4 COLLATE=utf8mb4_unicode_ci;

-- --------------------------------------------------------

--
-- Tablo için tablo yapısı `personal_access_tokens`
--

CREATE TABLE `personal_access_tokens` (
  `id` bigint(20) UNSIGNED NOT NULL,
  `tokenable_type` varchar(255) COLLATE utf8mb4_unicode_ci NOT NULL,
  `tokenable_id` bigint(20) UNSIGNED NOT NULL,
  `name` varchar(255) COLLATE utf8mb4_unicode_ci NOT NULL,
  `token` varchar(64) COLLATE utf8mb4_unicode_ci NOT NULL,
  `abilities` text COLLATE utf8mb4_unicode_ci DEFAULT NULL,
  `last_used_at` timestamp NULL DEFAULT NULL,
  `created_at` timestamp NULL DEFAULT NULL,
  `updated_at` timestamp NULL DEFAULT NULL
) ENGINE=InnoDB DEFAULT CHARSET=utf8mb4 COLLATE=utf8mb4_unicode_ci;

-- --------------------------------------------------------

--
-- Tablo için tablo yapısı `products`
--

CREATE TABLE `products` (
  `product_id` bigint(20) UNSIGNED NOT NULL,
  `name` varchar(255) COLLATE utf8mb4_unicode_ci NOT NULL
) ENGINE=InnoDB DEFAULT CHARSET=utf8mb4 COLLATE=utf8mb4_unicode_ci;

--
-- Tablo döküm verisi `products`
--

INSERT INTO `products` (`product_id`, `name`) VALUES
(9, 'A5 40YP DKŞL PP KPK'),
(15, 'ABACILAR YUMURTA 15'),
(199, 'ABACILAR YUMURTLA L 3'),
(120, 'ACE ULTRA POWER JEL'),
(162, 'ACIK CEKIRDEK ADET'),
(180, 'ALGIDA CORNETTO ROSE'),
(179, 'ALGIDA KULAH MARAS U'),
(14, 'ALIŞVERİŞ POŞETİ'),
(88, 'ALPELLA CIKOLATALI G'),
(144, 'ALPELLA SUTLU CIKOLA'),
(129, 'ALPER CIKOLATALI GOF'),
(136, 'AMIGO ANTEP FISTIGI'),
(27, 'AMIGO DAKOTA CEKIRDE'),
(146, 'AMIGO FINDIK ICI'),
(46, 'AMIGO YERFISTIKLI MI'),
(112, 'ANADOLU MUTFAGI KIRM'),
(21, 'ANADOLU MUTFAGI KOFT'),
(198, 'ANADOLU MUTFAGI KURU'),
(195, 'ARIEL DAG ESINTISI 4'),
(197, 'BANVIT DILIMLI PILIC'),
(131, 'BANVIT PILIC SALAM'),
(100, 'BAY BALON MISKET SAK'),
(196, 'BESLER MUTF. ASURELI'),
(53, 'BESLER SUT UHT YARIM'),
(99, 'BISTO ELMALI KURABIY'),
(16, 'BIZIM MUTFAK GEZEN T'),
(12, 'BLACK BRUIN 1 L'),
(109, 'BLACK BRUIN ENERJI I'),
(209, 'BONİBON ŞEKER'),
(79, 'BUREMIS KEMALPASA AD'),
(13, 'CAFEX250MLMOCHA'),
(192, 'CAMEL DEEP BLUE'),
(189, 'CAMEL WHITE PAKET'),
(143, 'CAPPY ATOM TETRAPAK'),
(55, 'CAPPY MEY. SEFTALI TE'),
(167, 'CAPPY PULPY PORTAKAL'),
(185, 'CAYKUR ALTINBAS CAY'),
(205, 'CAYKUR TIRYAKI CAYI'),
(203, 'CHANTALE BAMBU KADIN'),
(160, 'CHANTALE ERKEK BAMBU'),
(118, 'CHEETOS FIRINDAN 54'),
(111, 'CHESTERFIELD MODE NA'),
(51, 'CHESTERFIELD NAVY BL'),
(7, 'CHOCODANS 125 G'),
(174, 'CIHAN TUZ 1 5 KG'),
(32, 'COCA COLA 2 5 L'),
(93, 'COCA COLA 330 ML'),
(78, 'COCA COLA PET 1 5 LT'),
(59, 'COCA COLA PET 1 L'),
(47, 'DERBY LADY'),
(5, 'DERBYSAMURA10LU'),
(68, 'DOGADAN ZENCEFIL LIM'),
(98, 'DOGANAY SALGAM SUYU'),
(117, 'DORITOS NACHO 121 GR'),
(6, 'DUAL USB KABLO 3352'),
(23, 'EKMEK NORMAL'),
(49, 'ELMALI MADEN SUYU 20'),
(11, 'ETİ %27 A.FIS.ÇİK'),
(147, 'ETI BROWNI GOLD KAK.'),
(37, 'ETI BURCAK 140 GR.'),
(40, 'ETI BURCAK SUTLU CIK'),
(42, 'ETI BURCAK SUTLU KRE'),
(126, 'ETI CIN LOKMALIK 114'),
(97, 'ETI CRAX ACILI VE MI'),
(130, 'ETI CRAX CUBUK KRAKE'),
(137, 'ETI HOSBES FINDIKLI'),
(124, 'ETI POP KEK MINI MUZ'),
(172, 'ETI POPKEK LIMONLU 6'),
(73, 'ETI TUTKU 100 G'),
(141, 'EVIN 5 LT AYCICEK YAG'),
(113, 'EVIN AYCICEKYAGI 1LT'),
(45, 'EVIN KASE MARGARIN'),
(52, 'EVIN MARGARIN 250GR'),
(193, 'FAIRY PLATINIUM 33 LU'),
(30, 'FALIM KARPUZLU 5 LI'),
(31, 'FANTA PORTAKAL PET 2'),
(157, 'FERSAN UZUM SIRKESI'),
(164, 'FIRST CILEK 13.5 GR'),
(150, 'FUSE TEA ICE TEA SEF'),
(75, 'FUSETEA KARPUZ AROMA'),
(25, 'GIDGIDAK L-YUMURTA  A'),
(177, 'GIOCONDA KEDI DILI B'),
(70, 'HEAD SHO. KLAS. BAK. SA'),
(188, 'HEAD SHOULDERS IPEKSI'),
(191, 'IKBAL EVLIK DANA SUC'),
(4, 'İKBAL SUCUK 400G'),
(86, 'INCI MISIR 450 G'),
(163, 'INDO MIE NOODLE KORI'),
(35, 'IPEK KEPEGE KARSI ET'),
(171, 'KAYSERI SEKER TOZ SE'),
(201, 'KEBIR TEREYAGI 500 G'),
(145, 'KENT D-RANGE BLUE LO'),
(102, 'KINDER JOY KIZLAR IC'),
(95, 'KIZILAY SODA 200 ML'),
(114, 'L M RED LABEL KISA B'),
(29, 'LARK BLUE KISA'),
(44, 'LARK BLUE LONG PAKET'),
(175, 'LAYS FIRINDAN HASHA'),
(87, 'LEZITA DOND. PILIC'),
(182, 'LINK CILEK'),
(186, 'LIPTON YEL. LABEL CAY'),
(90, 'LIPTON YELLOW LABEL'),
(121, 'MARC YUZEY TEMIZLEYI'),
(1, 'MARET SOSIS 300G'),
(28, 'MARLBORA 100 S PAKET'),
(24, 'MARLBORA EDGE BLUE P'),
(110, 'MARLBORO BOX PAKET'),
(94, 'MARLBORO EDGE BLUE P'),
(33, 'MARLBORO EDGE KS RCB'),
(91, 'MARLBORO TOUCH KISA'),
(194, 'MAYLO DEV ICTEN CEKM'),
(81, 'MICRO 0 7 UC'),
(20, 'MINTAX COMFORT SUNGE'),
(61, 'MINTAX LAVANTA BAHCE'),
(123, 'MIS AYRAN 1 5 LT'),
(50, 'MIS EZINE INEK PEYNI'),
(133, 'MIS HOMOJEN YOGURT 3'),
(56, 'MIS MEYVE NEKTARI KA'),
(207, 'MIS MEYVE NEKTARI SE'),
(139, 'MIS MUZLU SUT 250 ML'),
(122, 'MIS SUT YARIM YAGLI'),
(178, 'MIS SUZME BEYAZ PEYN'),
(200, 'MIS TAM YAGLI BEYAZ'),
(66, 'MIS TAM YAGLI TAZE K'),
(43, 'MONTE CARLO NIGHT BL'),
(115, 'MONTE CARLO SLENDER'),
(74, 'MURATTI ROSSO KISA R'),
(3, 'NAMET KANGAL 280G'),
(135, 'NAZAR SAKIZ BI'),
(26, 'NESCAFE 3 U 1 ARADA'),
(85, 'NESTLE COFFEE MATE E'),
(67, 'NESTLE SALEP 17 G'),
(116, 'OLIPS SOFT MINTS NAN'),
(183, 'ORKID ULTRA GECE 6 L'),
(161, 'ORKID ULTRA UZUN TEK'),
(71, 'OTTOMAN KASIRGA SAC J'),
(101, 'OZMO FUN FIGURLU CIK'),
(170, 'PALL MALL AMVER PAKE'),
(104, 'PANTENE SAC OKULMEL'),
(154, 'PAPIA TUVALET KAGIDI'),
(8, 'PARLIEMENT KISA'),
(72, 'PEKI KUP GOFRET KAKA'),
(165, 'PEKI MEYVELI KEK 200'),
(82, 'PEPSI COLA 2 5 L'),
(152, 'PEPSI COLA KUTU 330'),
(158, 'PERMATIK KARTELA 2*4'),
(134, 'PERWOL SIYAH ETKI 3'),
(149, 'PIYALE MAKARNA ARPA'),
(18, 'PIYALE MAKARNA INCE'),
(63, 'PIYALE MANTI'),
(84, 'PIYALE PIRINC UNU 25'),
(48, 'PRINGLES HOT&SPICY 1'),
(77, 'REXONA EXTRA COOL SP'),
(10, 'ROLLER KALEM 3LÜ NOT'),
(173, 'ROTHMANS OF LONDON D'),
(58, 'RUFFLES ORIGINALS 10'),
(155, 'RUFFLESS KETCAP AROM'),
(2, 'SALAM DANA TORKU'),
(159, 'SCOTCH BRITE OLUKLU'),
(92, 'SIRMA SU 0.5 LT'),
(125, 'SOLEN LUPPO SANDVIC'),
(132, 'SPRITE PET 1 LT'),
(190, 'SUTAS LABNE 200GR'),
(80, 'SUTAS MUZLU SUT ETIK'),
(60, 'SUTAS SUZME PEYNIR 5'),
(22, 'SUZZ AKTIF BULASIK D'),
(65, 'TAT MAYONEZ 330 GR'),
(184, 'TEKEL 2000 100 MM KIR'),
(187, 'TEKEL 2000 UZUN MAVI'),
(54, 'TEMPO FINGER BISKUVI'),
(127, 'TEMPO SANDVIC BISKUV'),
(168, 'TEREMYAG KASE 500GR'),
(103, 'TESA PLASTIK CAMASIR'),
(64, 'TORKU FAVORIMO CIKOL'),
(96, 'TORKU TAM CIKOLATAM'),
(17, 'TOYMIX SERIT SAKIZ T'),
(202, 'TURCAN UHU 17CC'),
(176, 'TUTTAZE PISIRME KAGI'),
(107, 'ULKER ALBENI ATISTIR'),
(119, 'ULKER ALBENI CIKOLAT'),
(41, 'ULKER ANTEP FISTIKLI'),
(36, 'ULKER BISKREM KAKAOL'),
(34, 'ULKER BONBON NANE AR'),
(89, 'ULKER CIKOLATA CARAM'),
(128, 'ULKER CIKOLATALI GOF'),
(62, 'ULKER CIZI KRAKER 4'),
(208, 'ULKER CIZI KRAKER SA'),
(76, 'ULKER CIZI MILFOY 80'),
(106, 'ULKER CIZIVIC KRAKER'),
(39, 'ULKER COKOPRENS ATIS'),
(166, 'ULKER DANKEK LOKMALI'),
(38, 'ULKER DORE SADE KRE.'),
(108, 'ULKER HALLEY KARADUT'),
(105, 'ULKER HALLEY MINI 66'),
(181, 'ULKER HANIMELLER COK'),
(151, 'ULKER HANIMELLER FIN'),
(206, 'ULKER HAYLAYF BISKUV'),
(138, 'ULKER KEKSTRA JOLELI'),
(19, 'ULKER PROBIS SANDVIC'),
(156, 'ULKER RONDO CANPARE'),
(83, 'ULUDAG EFSANE GAZOZ'),
(148, 'ULUDAG FRUTTI LIM. AR'),
(153, 'VANESA JUMBO ICTEN C'),
(69, 'VICEROY NAVY KS RC B'),
(57, 'WINSTON DARK BLUE'),
(142, 'WINSTON KISA KUTU BA'),
(140, 'WINSTON KISA KUTU CL'),
(204, 'WINSTON SLENDER 7 PA'),
(169, 'YUMAK PAMUKLU CUBUK');

-- --------------------------------------------------------

--
-- Tablo için tablo yapısı `receipt`
--

CREATE TABLE `receipt` (
  `receipt_id` bigint(20) UNSIGNED NOT NULL
) ENGINE=InnoDB DEFAULT CHARSET=utf8mb4 COLLATE=utf8mb4_unicode_ci;

--
-- Tablo döküm verisi `receipt`
--

INSERT INTO `receipt` (`receipt_id`) VALUES
(1),
(2),
(3),
(4),
(5),
(6),
(7),
(8),
(9),
(10),
(11),
(12),
(13),
(14),
(15),
(16),
(17),
(18),
(19),
(20),
(21),
(22),
(23),
(24),
(25),
(26),
(27),
(28),
(29),
(30),
(31),
(32),
(33),
(34),
(35),
(36),
(37),
(38),
(39),
(40),
(41),
(42),
(43),
(44),
(45),
(46),
(47),
(48),
(49),
(50),
(51),
(52),
(53),
(54),
(55),
(56),
(57),
(58),
(59),
(60),
(61),
(62),
(63),
(64),
(65),
(66),
(67),
(68),
(69),
(70),
(71),
(72),
(73),
(74),
(75),
(76),
(77),
(78),
(79),
(80),
(81),
(82),
(83),
(84),
(85),
(86),
(87),
(88),
(89),
(90),
(91),
(92),
(93),
(94),
(95),
(96),
(97),
(98),
(99),
(100),
(101),
(102),
(103),
(104),
(105),
(106),
(107),
(108),
(109),
(110),
(111),
(112),
(113),
(114),
(115),
(116),
(117),
(118),
(119),
(120),
(121),
(122),
(123),
(124),
(125),
(126),
(127),
(128),
(129),
(130),
(131),
(132),
(133),
(134),
(135),
(136),
(137),
(138),
(139),
(140),
(141),
(142),
(143),
(144),
(145),
(146),
(147),
(148),
(149),
(150),
(151),
(152),
(153),
(154),
(155),
(156),
(157),
(158),
(159),
(160),
(161),
(162),
(163),
(164),
(165),
(166),
(167),
(168),
(169),
(170),
(171),
(172),
(173),
(174),
(175),
(176),
(177),
(178),
(179),
(180),
(181),
(182),
(183),
(184),
(185),
(186),
(187),
(188),
(189),
(190),
(191),
(192),
(193),
(194),
(195),
(196),
(197),
(198),
(199),
(200),
(201),
(202),
(203),
(204),
(205),
(206),
(207),
(208),
(209),
(210),
(211),
(212),
(213),
(214),
(215),
(216),
(217),
(218),
(219),
(220),
(221),
(222),
(223),
(224),
(225),
(226),
(227),
(228),
(229),
(230),
(231),
(232),
(233),
(234),
(235),
(236),
(237),
(238),
(239),
(240),
(241),
(242),
(243),
(244),
(245),
(246),
(247),
(248),
(249),
(250),
(251),
(252),
(253),
(254),
(255),
(256),
(257),
(258),
(259),
(260),
(261),
(262),
(263),
(264),
(265),
(266),
(267),
(268),
(269),
(270),
(271),
(272),
(273),
(274),
(275),
(276),
(277),
(278),
(279),
(280),
(281),
(282),
(283),
(284),
(285),
(286),
(287),
(288),
(289),
(290),
(291),
(292),
(293),
(294),
(295),
(296),
(297),
(298),
(299),
(300),
(301),
(302),
(303),
(304),
(305),
(306),
(307),
(308),
(309),
(310),
(311),
(312),
(313),
(314),
(315),
(316),
(317),
(318),
(319),
(320),
(321),
(322),
(323),
(324),
(325),
(326),
(327),
(328),
(329),
(330),
(331),
(332),
(333),
(334),
(335),
(336),
(337),
(338),
(339),
(340),
(341),
(342),
(343),
(344),
(345),
(346),
(347),
(348),
(349),
(350),
(351),
(352),
(353),
(354),
(355),
(356),
(357),
(358),
(359),
(360),
(361),
(362),
(363),
(364),
(365),
(366),
(367),
(368),
(369),
(370),
(371),
(372),
(373),
(374),
(375),
(376),
(377),
(378),
(379),
(380),
(381),
(382),
(383),
(384),
(385),
(386),
(387),
(388),
(389),
(390),
(391),
(392),
(393),
(394),
(395),
(396),
(397),
(398),
(399),
(400),
(401),
(402),
(403),
(404),
(405),
(406),
(407),
(408),
(409),
(410),
(411),
(412),
(413),
(414),
(415),
(416),
(417),
(418),
(419),
(420),
(421),
(422),
(423),
(424),
(425),
(426),
(427),
(428),
(429),
(430),
(431),
(432),
(433),
(434),
(435),
(436),
(437),
(438),
(439),
(440),
(441),
(442),
(443),
(444),
(445),
(446),
(447),
(448),
(449),
(450),
(451),
(452),
(453),
(454),
(455),
(456),
(457),
(458),
(459),
(460),
(461),
(462);

-- --------------------------------------------------------

--
-- Tablo için tablo yapısı `receipts_products`
--

CREATE TABLE `receipts_products` (
  `id` bigint(20) UNSIGNED NOT NULL,
  `product` bigint(20) UNSIGNED NOT NULL,
  `receipt` bigint(20) UNSIGNED NOT NULL
) ENGINE=InnoDB DEFAULT CHARSET=utf8mb4 COLLATE=utf8mb4_unicode_ci;

--
-- Tablo döküm verisi `receipts_products`
--

INSERT INTO `receipts_products` (`id`, `product`, `receipt`) VALUES
(1, 1, 1),
(2, 2, 1),
(3, 3, 1),
(4, 4, 2),
(5, 15, 3),
(6, 16, 3),
(7, 17, 3),
(8, 18, 3),
(9, 19, 4),
(10, 22, 5),
(11, 23, 5),
(12, 24, 6),
(13, 25, 6),
(14, 26, 7),
(15, 27, 7),
(16, 28, 7),
(17, 29, 8),
(18, 30, 8),
(19, 31, 9),
(20, 32, 9),
(21, 33, 9),
(22, 34, 9),
(23, 43, 10),
(24, 44, 10),
(25, 45, 10),
(26, 46, 11),
(27, 47, 11),
(28, 48, 11),
(29, 49, 11),
(30, 50, 12),
(31, 51, 13),
(32, 52, 13),
(33, 53, 13),
(34, 54, 14),
(35, 55, 14),
(36, 56, 14),
(37, 57, 15),
(38, 58, 15),
(39, 59, 15),
(40, 60, 16),
(41, 61, 17),
(42, 62, 17),
(43, 63, 17),
(44, 64, 17),
(45, 65, 18),
(46, 66, 19),
(47, 67, 20),
(48, 68, 20),
(49, 69, 20),
(50, 70, 21),
(51, 71, 21),
(52, 72, 22),
(53, 73, 22),
(54, 15, 23),
(55, 60, 23),
(56, 74, 24),
(57, 75, 24),
(58, 76, 24),
(59, 77, 25),
(60, 78, 26),
(61, 79, 26),
(62, 78, 27),
(63, 79, 27),
(64, 8, 28),
(65, 80, 28),
(66, 81, 29),
(67, 82, 30),
(68, 82, 31),
(69, 83, 31),
(70, 84, 32),
(71, 26, 32),
(72, 85, 33),
(73, 86, 34),
(74, 87, 34),
(75, 82, 34),
(76, 88, 34),
(77, 89, 34),
(78, 90, 34),
(79, 57, 35),
(80, 91, 35),
(81, 92, 35),
(82, 93, 35),
(83, 94, 36),
(84, 25, 36),
(85, 95, 37),
(86, 96, 37),
(87, 97, 37),
(88, 95, 38),
(89, 96, 38),
(90, 97, 38),
(91, 30, 38),
(92, 98, 39),
(93, 31, 39),
(94, 23, 39),
(95, 24, 39),
(96, 99, 40),
(97, 58, 40),
(98, 100, 40),
(99, 101, 40),
(100, 102, 40),
(101, 104, 41),
(102, 105, 42),
(103, 106, 42),
(104, 107, 42),
(105, 108, 42),
(106, 19, 42),
(107, 109, 42),
(108, 110, 43),
(109, 111, 43),
(110, 53, 43),
(111, 112, 43),
(112, 113, 44),
(113, 114, 44),
(114, 23, 44),
(115, 115, 45),
(116, 24, 45),
(117, 116, 45),
(118, 117, 46),
(119, 118, 46),
(120, 119, 46),
(121, 8, 47),
(122, 120, 47),
(123, 121, 47),
(124, 122, 48),
(125, 123, 48),
(126, 124, 49),
(127, 125, 49),
(128, 126, 49),
(129, 127, 49),
(130, 128, 49),
(131, 88, 49),
(132, 102, 49),
(133, 130, 49),
(134, 58, 49),
(135, 131, 50),
(136, 48, 51),
(137, 46, 51),
(138, 47, 51),
(139, 49, 51),
(140, 132, 52),
(141, 133, 52),
(142, 23, 52),
(143, 33, 53),
(144, 131, 53),
(145, 134, 53),
(146, 135, 54),
(147, 23, 54),
(148, 28, 54),
(149, 23, 55),
(150, 133, 55),
(151, 136, 55),
(152, 137, 55),
(153, 108, 55),
(154, 138, 55),
(155, 139, 55),
(156, 140, 56),
(157, 141, 56),
(158, 140, 57),
(159, 141, 57),
(160, 30, 57),
(161, 14, 57),
(162, 142, 58),
(163, 143, 58),
(164, 26, 58),
(165, 144, 58),
(166, 145, 59),
(167, 33, 59),
(168, 146, 60),
(169, 147, 61),
(170, 148, 61),
(171, 149, 62),
(172, 150, 63),
(173, 42, 64),
(174, 151, 64),
(175, 152, 64),
(176, 153, 65),
(177, 154, 65),
(178, 155, 66),
(179, 73, 66),
(180, 156, 66),
(181, 113, 67),
(182, 157, 67),
(183, 158, 67),
(184, 159, 67),
(185, 160, 67),
(186, 161, 68),
(187, 95, 68),
(188, 143, 68),
(189, 162, 68),
(190, 161, 69),
(191, 95, 69),
(192, 143, 69),
(193, 162, 69),
(194, 8, 69),
(195, 23, 70),
(196, 164, 70),
(197, 165, 71),
(198, 166, 71),
(199, 91, 71),
(200, 167, 72),
(201, 168, 72),
(202, 169, 72),
(203, 170, 72),
(204, 171, 72),
(205, 172, 72),
(206, 119, 72),
(207, 144, 72),
(208, 167, 73),
(209, 168, 73),
(210, 169, 73),
(211, 170, 73),
(212, 171, 73),
(213, 172, 73),
(214, 119, 73),
(215, 144, 73),
(216, 131, 73),
(217, 173, 74),
(218, 23, 74),
(219, 14, 74),
(220, 174, 75),
(221, 175, 75),
(222, 176, 75),
(223, 177, 75),
(224, 178, 76),
(225, 15, 76),
(226, 179, 77),
(227, 180, 77),
(228, 179, 78),
(229, 180, 78),
(230, 26, 78),
(231, 181, 79),
(232, 92, 79),
(233, 70, 79),
(234, 182, 79),
(235, 183, 80),
(236, 23, 80),
(237, 59, 80),
(238, 184, 81),
(239, 8, 81),
(240, 23, 81),
(241, 185, 82),
(242, 186, 82),
(243, 187, 82),
(244, 14, 82),
(245, 188, 83),
(246, 189, 83),
(247, 145, 84),
(248, 190, 84),
(249, 191, 84),
(250, 57, 85),
(251, 187, 85),
(252, 192, 85),
(253, 193, 86),
(254, 57, 86),
(255, 50, 86),
(256, 51, 86),
(257, 194, 86),
(258, 14, 86),
(259, 195, 87),
(260, 23, 87),
(261, 14, 87),
(262, 196, 88),
(263, 197, 88),
(264, 198, 88),
(265, 199, 88),
(266, 57, 88),
(267, 200, 88),
(268, 201, 89),
(269, 202, 89),
(270, 203, 89),
(271, 57, 90),
(272, 204, 90),
(273, 57, 91),
(274, 204, 91),
(275, 142, 91),
(276, 205, 92),
(277, 163, 92),
(278, 14, 92),
(279, 207, 93),
(280, 54, 93),
(281, 72, 93),
(282, 208, 93),
(283, 206, 93),
(284, 57, 93),
(285, 119, 93),
(286, 151, 94),
(287, 192, 94),
(288, 114, 94),
(289, 36, 95),
(290, 132, 96),
(291, 124, 96),
(292, 24, 96),
(293, 127, 96),
(294, 88, 96),
(295, 66, 97),
(296, 156, 97),
(297, 202, 97),
(298, 57, 97),
(299, 138, 97),
(300, 66, 97),
(301, 10, 98),
(302, 196, 98),
(303, 19, 98),
(304, 34, 98),
(305, 140, 99),
(306, 61, 99),
(307, 71, 99),
(308, 153, 99),
(309, 205, 99),
(310, 11, 100),
(311, 111, 100),
(312, 24, 100),
(313, 42, 100),
(314, 95, 100),
(315, 115, 100),
(316, 177, 100),
(317, 45, 101),
(318, 141, 101),
(319, 180, 101),
(320, 108, 101),
(321, 165, 101),
(322, 21, 102),
(323, 65, 102),
(324, 7, 102),
(325, 86, 102),
(326, 84, 102),
(327, 163, 102),
(328, 97, 102),
(329, 11, 102),
(330, 175, 102),
(331, 3, 103),
(332, 96, 104),
(333, 88, 104),
(334, 205, 105),
(335, 133, 105),
(336, 105, 105),
(337, 162, 106),
(338, 138, 106),
(339, 128, 107),
(340, 7, 107),
(341, 145, 107),
(342, 62, 107),
(343, 92, 107),
(344, 112, 107),
(345, 123, 108),
(346, 49, 108),
(347, 65, 109),
(348, 77, 109),
(349, 70, 110),
(350, 141, 110),
(351, 185, 110),
(352, 2, 111),
(353, 151, 111),
(354, 159, 111),
(355, 25, 111),
(356, 32, 111),
(357, 158, 111),
(358, 130, 111),
(359, 160, 111),
(360, 81, 111),
(361, 89, 112),
(362, 61, 112),
(363, 82, 112),
(364, 80, 112),
(365, 174, 112),
(366, 68, 113),
(367, 145, 113),
(368, 20, 113),
(369, 57, 113),
(370, 32, 114),
(371, 208, 114),
(372, 190, 115),
(373, 186, 115),
(374, 77, 115),
(375, 23, 115),
(376, 161, 115),
(377, 41, 115),
(378, 117, 115),
(379, 170, 115),
(380, 121, 115),
(381, 58, 115),
(382, 96, 116),
(383, 172, 116),
(384, 19, 116),
(385, 116, 116),
(386, 22, 116),
(387, 119, 116),
(388, 22, 116),
(389, 6, 116),
(390, 168, 116),
(391, 11, 117),
(392, 87, 117),
(393, 49, 117),
(394, 144, 117),
(395, 25, 117),
(396, 16, 117),
(397, 129, 117),
(398, 99, 118),
(399, 81, 118),
(400, 45, 118),
(401, 59, 118),
(402, 183, 118),
(403, 150, 118),
(404, 198, 119),
(405, 129, 119),
(406, 61, 119),
(407, 176, 119),
(408, 86, 119),
(409, 167, 119),
(410, 7, 119),
(411, 140, 120),
(412, 112, 120),
(413, 41, 120),
(414, 153, 120),
(415, 103, 120),
(416, 148, 120),
(417, 202, 120),
(418, 6, 121),
(419, 5, 121),
(420, 199, 121),
(421, 148, 121),
(422, 3, 122),
(423, 18, 122),
(424, 42, 122),
(425, 19, 122),
(426, 208, 122),
(427, 138, 122),
(428, 46, 123),
(429, 154, 123),
(430, 91, 123),
(431, 99, 123),
(432, 156, 124),
(433, 205, 125),
(434, 166, 125),
(435, 43, 125),
(436, 199, 126),
(437, 8, 126),
(438, 100, 127),
(439, 181, 127),
(440, 15, 127),
(441, 147, 128),
(442, 86, 129),
(443, 29, 129),
(444, 137, 129),
(445, 139, 130),
(446, 92, 130),
(447, 18, 130),
(448, 154, 130),
(449, 104, 130),
(450, 128, 131),
(451, 42, 131),
(452, 72, 132),
(453, 162, 132),
(454, 163, 133),
(455, 53, 134),
(456, 31, 134),
(457, 85, 134),
(458, 194, 134),
(459, 124, 134),
(460, 67, 135),
(461, 108, 136),
(462, 190, 136),
(463, 200, 136),
(464, 139, 136),
(465, 140, 136),
(466, 167, 137),
(467, 162, 137),
(468, 2, 137),
(469, 95, 138),
(470, 129, 139),
(471, 32, 139),
(472, 170, 139),
(473, 94, 139),
(474, 15, 139),
(475, 52, 139),
(476, 76, 140),
(477, 72, 140),
(478, 32, 140),
(479, 136, 140),
(480, 50, 140),
(481, 59, 140),
(482, 31, 140),
(483, 58, 141),
(484, 85, 141),
(485, 109, 142),
(486, 145, 142),
(487, 187, 142),
(488, 82, 143),
(489, 68, 143),
(490, 26, 143),
(491, 138, 143),
(492, 147, 143),
(493, 202, 143),
(494, 198, 143),
(495, 138, 144),
(496, 173, 145),
(497, 18, 145),
(498, 29, 146),
(499, 157, 146),
(500, 138, 146),
(501, 105, 146),
(502, 40, 146),
(503, 118, 146),
(504, 162, 146),
(505, 114, 147),
(506, 108, 147),
(507, 13, 147),
(508, 52, 147),
(509, 133, 147),
(510, 24, 147),
(511, 1, 148),
(512, 182, 148),
(513, 47, 148),
(514, 117, 148),
(515, 195, 148),
(516, 109, 148),
(517, 53, 149),
(518, 178, 149),
(519, 42, 149),
(520, 46, 150),
(521, 107, 150),
(522, 132, 151),
(523, 54, 151),
(524, 200, 152),
(525, 97, 152),
(526, 11, 153),
(527, 165, 153),
(528, 206, 153),
(529, 201, 153),
(530, 177, 154),
(531, 196, 154),
(532, 135, 155),
(533, 22, 155),
(534, 190, 155),
(535, 119, 155),
(536, 139, 156),
(537, 124, 156),
(538, 12, 157),
(539, 55, 157),
(540, 112, 157),
(541, 172, 157),
(542, 60, 157),
(543, 66, 157),
(544, 62, 158),
(545, 45, 158),
(546, 175, 158),
(547, 153, 158),
(548, 123, 158),
(549, 31, 158),
(550, 166, 159),
(551, 118, 159),
(552, 189, 159),
(553, 186, 159),
(554, 132, 159),
(555, 1, 159),
(556, 63, 160),
(557, 57, 160),
(558, 117, 160),
(559, 96, 160),
(560, 12, 161),
(561, 43, 161),
(562, 153, 161),
(563, 72, 162),
(564, 148, 162),
(565, 61, 163),
(566, 177, 163),
(567, 82, 163),
(568, 183, 163),
(569, 44, 163),
(570, 69, 163),
(571, 45, 164),
(572, 205, 164),
(573, 109, 164),
(574, 71, 164),
(575, 88, 164),
(576, 157, 164),
(577, 123, 165),
(578, 198, 165),
(579, 165, 165),
(580, 150, 165),
(581, 180, 165),
(582, 126, 166),
(583, 46, 167),
(584, 172, 167),
(585, 4, 167),
(586, 57, 167),
(587, 167, 167),
(588, 164, 167),
(589, 153, 167),
(590, 195, 168),
(591, 156, 168),
(592, 43, 168),
(593, 144, 168),
(594, 95, 169),
(595, 115, 169),
(596, 176, 169),
(597, 64, 169),
(598, 124, 169),
(599, 156, 169),
(600, 140, 169),
(601, 66, 170),
(602, 44, 170),
(603, 10, 170),
(604, 137, 170),
(605, 65, 170),
(606, 63, 170),
(607, 32, 170),
(608, 179, 171),
(609, 73, 171),
(610, 48, 171),
(611, 50, 171),
(612, 187, 172),
(613, 65, 172),
(614, 118, 172),
(615, 131, 172),
(616, 6, 172),
(617, 187, 173),
(618, 69, 173),
(619, 6, 173),
(620, 64, 173),
(621, 146, 174),
(622, 116, 174),
(623, 205, 174),
(624, 95, 175),
(625, 154, 175),
(626, 185, 175),
(627, 108, 175),
(628, 46, 175),
(629, 93, 176),
(630, 108, 177),
(631, 116, 177),
(632, 63, 178),
(633, 177, 178),
(634, 127, 179),
(635, 67, 179),
(636, 144, 179),
(637, 38, 179),
(638, 208, 179),
(639, 122, 179),
(640, 205, 179),
(641, 25, 180),
(642, 142, 180),
(643, 45, 180),
(644, 197, 181),
(645, 119, 181),
(646, 37, 181),
(647, 205, 182),
(648, 145, 182),
(649, 192, 182),
(650, 170, 182),
(651, 102, 183),
(652, 125, 184),
(653, 99, 184),
(654, 60, 184),
(655, 175, 184),
(656, 192, 184),
(657, 146, 184),
(658, 18, 184),
(659, 167, 185),
(660, 195, 186),
(661, 140, 186),
(662, 10, 186),
(663, 66, 187),
(664, 26, 187),
(665, 75, 187),
(666, 112, 187),
(667, 29, 187),
(668, 37, 188),
(669, 37, 188),
(670, 72, 188),
(671, 55, 188),
(672, 28, 189),
(673, 198, 189),
(674, 196, 189),
(675, 74, 189),
(676, 3, 189),
(677, 205, 190),
(678, 20, 190),
(679, 160, 191),
(680, 89, 192),
(681, 131, 192),
(682, 161, 192),
(683, 26, 192),
(684, 96, 192),
(685, 49, 193),
(686, 76, 193),
(687, 197, 193),
(688, 146, 193),
(689, 24, 193),
(690, 109, 194),
(691, 58, 194),
(692, 11, 194),
(693, 166, 194),
(694, 170, 194),
(695, 48, 195),
(696, 162, 195),
(697, 88, 195),
(698, 207, 195),
(699, 18, 196),
(700, 13, 196),
(701, 147, 196),
(702, 53, 196),
(703, 128, 196),
(704, 56, 197),
(705, 51, 197),
(706, 135, 197),
(707, 123, 198),
(708, 1, 199),
(709, 26, 199),
(710, 157, 200),
(711, 145, 201),
(712, 160, 201),
(713, 168, 201),
(714, 12, 201),
(715, 2, 201),
(716, 91, 201),
(717, 158, 202),
(718, 166, 202),
(719, 169, 202),
(720, 149, 202),
(721, 120, 203),
(722, 17, 203),
(723, 118, 203),
(724, 105, 203),
(725, 194, 203),
(726, 22, 204),
(727, 182, 204),
(728, 119, 205),
(729, 5, 205),
(730, 121, 205),
(731, 41, 206),
(732, 89, 206),
(733, 81, 206),
(734, 55, 206),
(735, 117, 206),
(736, 86, 206),
(737, 158, 206),
(738, 201, 207),
(739, 205, 207),
(740, 89, 208),
(741, 122, 208),
(742, 88, 208),
(743, 72, 208),
(744, 44, 209),
(745, 74, 210),
(746, 54, 211),
(747, 44, 211),
(748, 62, 211),
(749, 185, 212),
(750, 153, 212),
(751, 203, 212),
(752, 181, 212),
(753, 137, 212),
(754, 62, 212),
(755, 85, 213),
(756, 154, 213),
(757, 143, 213),
(758, 57, 213),
(759, 166, 214),
(760, 31, 214),
(761, 19, 214),
(762, 89, 215),
(763, 160, 216),
(764, 208, 216),
(765, 198, 216),
(766, 23, 217),
(767, 196, 217),
(768, 144, 217),
(769, 195, 217),
(770, 7, 217),
(771, 87, 217),
(772, 206, 217),
(773, 100, 218),
(774, 79, 219),
(775, 59, 219),
(776, 191, 219),
(777, 159, 219),
(778, 50, 219),
(779, 52, 219),
(780, 25, 220),
(781, 112, 220),
(782, 76, 220),
(783, 183, 220),
(784, 72, 220),
(785, 91, 220),
(786, 123, 221),
(787, 171, 221),
(788, 115, 221),
(789, 146, 221),
(790, 190, 221),
(791, 61, 221),
(792, 32, 222),
(793, 46, 222),
(794, 142, 222),
(795, 180, 222),
(796, 125, 222),
(797, 126, 223),
(798, 85, 223),
(799, 110, 223),
(800, 143, 223),
(801, 165, 224),
(802, 14, 224),
(803, 66, 224),
(804, 155, 225),
(805, 175, 225),
(806, 168, 225),
(807, 58, 225),
(808, 183, 225),
(809, 191, 225),
(810, 65, 226),
(811, 79, 226),
(812, 204, 226),
(813, 117, 226),
(814, 139, 227),
(815, 144, 227),
(816, 132, 227),
(817, 156, 228),
(818, 108, 228),
(819, 25, 228),
(820, 77, 228),
(821, 100, 229),
(822, 119, 229),
(823, 54, 230),
(824, 98, 230),
(825, 37, 230),
(826, 29, 230),
(827, 79, 230),
(828, 166, 231),
(829, 192, 231),
(830, 11, 231),
(831, 76, 232),
(832, 34, 232),
(833, 2, 232),
(834, 143, 233),
(835, 96, 233),
(836, 57, 233),
(837, 117, 233),
(838, 29, 233),
(839, 182, 234),
(840, 94, 235),
(841, 47, 235),
(842, 51, 235),
(843, 87, 235),
(844, 16, 235),
(845, 51, 235),
(846, 128, 235),
(847, 100, 236),
(848, 61, 236),
(849, 63, 236),
(850, 86, 236),
(851, 150, 236),
(852, 87, 237),
(853, 90, 237),
(854, 62, 237),
(855, 71, 238),
(856, 28, 238),
(857, 122, 238),
(858, 68, 238),
(859, 17, 238),
(860, 91, 238),
(861, 28, 239),
(862, 127, 239),
(863, 33, 239),
(864, 20, 240),
(865, 130, 240),
(866, 200, 240),
(867, 93, 240),
(868, 139, 240),
(869, 40, 241),
(870, 131, 241),
(871, 69, 241),
(872, 48, 241),
(873, 129, 241),
(874, 36, 241),
(875, 140, 242),
(876, 77, 242),
(877, 100, 242),
(878, 70, 242),
(879, 24, 242),
(880, 189, 242),
(881, 143, 242),
(882, 128, 243),
(883, 115, 243),
(884, 179, 243),
(885, 111, 243),
(886, 103, 243),
(887, 78, 244),
(888, 166, 244),
(889, 119, 245),
(890, 157, 245),
(891, 165, 246),
(892, 203, 246),
(893, 29, 247),
(894, 121, 247),
(895, 131, 247),
(896, 156, 247),
(897, 180, 247),
(898, 181, 247),
(899, 6, 248),
(900, 114, 248),
(901, 148, 248),
(902, 113, 248),
(903, 182, 248),
(904, 194, 249),
(905, 175, 249),
(906, 172, 249),
(907, 75, 249),
(908, 55, 250),
(909, 65, 250),
(910, 28, 250),
(911, 34, 251),
(912, 21, 251),
(913, 180, 251),
(914, 66, 252),
(915, 137, 252),
(916, 88, 252),
(917, 175, 252),
(918, 119, 252),
(919, 123, 252),
(920, 89, 252),
(921, 178, 253),
(922, 169, 253),
(923, 22, 253),
(924, 137, 253),
(925, 13, 253),
(926, 99, 254),
(927, 127, 254),
(928, 69, 254),
(929, 74, 255),
(930, 167, 255),
(931, 186, 255),
(932, 175, 255),
(933, 40, 255),
(934, 41, 256),
(935, 197, 256),
(936, 133, 257),
(937, 45, 257),
(938, 5, 258),
(939, 115, 258),
(940, 96, 259),
(941, 170, 259),
(942, 165, 259),
(943, 104, 260),
(944, 78, 260),
(945, 20, 260),
(946, 54, 260),
(947, 34, 260),
(948, 21, 260),
(949, 156, 260),
(950, 52, 261),
(951, 187, 262),
(952, 7, 263),
(953, 170, 264),
(954, 94, 264),
(955, 84, 265),
(956, 29, 265),
(957, 168, 265),
(958, 43, 265),
(959, 169, 266),
(960, 167, 266),
(961, 95, 266),
(962, 47, 266),
(963, 41, 266),
(964, 54, 266),
(965, 206, 267),
(966, 169, 267),
(967, 127, 267),
(968, 168, 267),
(969, 92, 268),
(970, 95, 268),
(971, 94, 268),
(972, 33, 268),
(973, 166, 268),
(974, 69, 268),
(975, 6, 268),
(976, 99, 269),
(977, 148, 269),
(978, 154, 269),
(979, 33, 269),
(980, 85, 269),
(981, 200, 270),
(982, 49, 271),
(983, 126, 271),
(984, 85, 271),
(985, 56, 271),
(986, 6, 271),
(987, 183, 272),
(988, 158, 273),
(989, 12, 274),
(990, 196, 274),
(991, 15, 274),
(992, 144, 274),
(993, 144, 274),
(994, 19, 274),
(995, 108, 274),
(996, 101, 275),
(997, 176, 275),
(998, 164, 275),
(999, 119, 275),
(1000, 132, 275),
(1001, 42, 275),
(1002, 176, 276),
(1003, 71, 276),
(1004, 60, 276),
(1005, 7, 276),
(1006, 73, 277),
(1007, 204, 277),
(1008, 146, 277),
(1009, 165, 277),
(1010, 132, 277),
(1011, 157, 277),
(1012, 185, 277),
(1013, 138, 278),
(1014, 156, 278),
(1015, 75, 279),
(1016, 144, 279),
(1017, 183, 280),
(1018, 56, 281),
(1019, 143, 281),
(1020, 177, 281),
(1021, 61, 281),
(1022, 26, 281),
(1023, 43, 281),
(1024, 60, 282),
(1025, 195, 283),
(1026, 112, 283),
(1027, 4, 283),
(1028, 62, 283),
(1029, 22, 283),
(1030, 141, 283),
(1031, 190, 284),
(1032, 151, 284),
(1033, 43, 285),
(1034, 35, 285),
(1035, 10, 285),
(1036, 30, 286),
(1037, 171, 286),
(1038, 17, 286),
(1039, 197, 287),
(1040, 108, 287),
(1041, 38, 287),
(1042, 166, 287),
(1043, 55, 287),
(1044, 203, 287),
(1045, 201, 288),
(1046, 132, 288),
(1047, 28, 289),
(1048, 9, 290),
(1049, 50, 290),
(1050, 124, 291),
(1051, 58, 291),
(1052, 161, 291),
(1053, 138, 291),
(1054, 134, 292),
(1055, 142, 293),
(1056, 97, 293),
(1057, 137, 293),
(1058, 129, 293),
(1059, 45, 293),
(1060, 30, 293),
(1061, 183, 293),
(1062, 48, 294),
(1063, 192, 294),
(1064, 102, 294),
(1065, 82, 294),
(1066, 40, 294),
(1067, 1, 295),
(1068, 175, 295),
(1069, 81, 295),
(1070, 205, 296),
(1071, 36, 296),
(1072, 164, 296),
(1073, 158, 296),
(1074, 26, 296),
(1075, 10, 297),
(1076, 145, 297),
(1077, 187, 297),
(1078, 176, 297),
(1079, 100, 298),
(1080, 192, 298),
(1081, 67, 298),
(1082, 12, 299),
(1083, 121, 299),
(1084, 174, 299),
(1085, 63, 299),
(1086, 115, 300),
(1087, 81, 300),
(1088, 168, 300),
(1089, 75, 300),
(1090, 137, 300),
(1091, 189, 300),
(1092, 37, 300),
(1093, 41, 301),
(1094, 92, 302),
(1095, 26, 302),
(1096, 123, 302),
(1097, 173, 302),
(1098, 167, 302),
(1099, 5, 302),
(1100, 184, 302),
(1101, 157, 303),
(1102, 187, 303),
(1103, 5, 304),
(1104, 38, 304),
(1105, 120, 304),
(1106, 41, 304),
(1107, 150, 304),
(1108, 165, 305),
(1109, 4, 305),
(1110, 147, 305),
(1111, 145, 306),
(1112, 7, 306),
(1113, 191, 306),
(1114, 148, 306),
(1115, 146, 306),
(1116, 52, 307),
(1117, 144, 307),
(1118, 84, 307),
(1119, 25, 307),
(1120, 6, 307),
(1121, 166, 308),
(1122, 121, 309),
(1123, 87, 309),
(1124, 185, 310),
(1125, 157, 310),
(1126, 105, 310),
(1127, 41, 310),
(1128, 139, 311),
(1129, 49, 311),
(1130, 166, 311),
(1131, 35, 311),
(1132, 172, 311),
(1133, 76, 312),
(1134, 106, 312),
(1135, 18, 312),
(1136, 78, 312),
(1137, 153, 313),
(1138, 196, 313),
(1139, 77, 314),
(1140, 97, 315),
(1141, 168, 315),
(1142, 200, 315),
(1143, 81, 316),
(1144, 4, 316),
(1145, 191, 316),
(1146, 167, 316),
(1147, 3, 316),
(1148, 202, 316),
(1149, 13, 317),
(1150, 48, 317),
(1151, 167, 317),
(1152, 61, 317),
(1153, 174, 318),
(1154, 126, 319),
(1155, 119, 319),
(1156, 23, 319),
(1157, 161, 319),
(1158, 2, 319),
(1159, 187, 319),
(1160, 185, 320),
(1161, 26, 320),
(1162, 61, 321),
(1163, 159, 321),
(1164, 29, 321),
(1165, 180, 322),
(1166, 155, 322),
(1167, 25, 322),
(1168, 139, 323),
(1169, 115, 323),
(1170, 114, 323),
(1171, 196, 324),
(1172, 15, 324),
(1173, 37, 324),
(1174, 115, 324),
(1175, 137, 324),
(1176, 83, 324),
(1177, 124, 325),
(1178, 126, 325),
(1179, 123, 325),
(1180, 157, 325),
(1181, 4, 325),
(1182, 189, 325),
(1183, 4, 326),
(1184, 48, 326),
(1185, 105, 326),
(1186, 18, 326),
(1187, 33, 326),
(1188, 159, 326),
(1189, 46, 327),
(1190, 97, 327),
(1191, 118, 328),
(1192, 35, 328),
(1193, 56, 328),
(1194, 24, 328),
(1195, 137, 328),
(1196, 67, 328),
(1197, 89, 329),
(1198, 192, 329),
(1199, 121, 329),
(1200, 104, 329),
(1201, 155, 330),
(1202, 35, 330),
(1203, 81, 330),
(1204, 102, 330),
(1205, 65, 331),
(1206, 208, 331),
(1207, 76, 331),
(1208, 92, 331),
(1209, 101, 331),
(1210, 84, 332),
(1211, 161, 332),
(1212, 50, 332),
(1213, 109, 332),
(1214, 79, 333),
(1215, 164, 333),
(1216, 116, 333),
(1217, 109, 333),
(1218, 166, 334),
(1219, 42, 334),
(1220, 130, 334),
(1221, 128, 334),
(1222, 14, 334),
(1223, 136, 334),
(1224, 201, 334),
(1225, 92, 335),
(1226, 40, 335),
(1227, 177, 335),
(1228, 187, 336),
(1229, 184, 336),
(1230, 75, 336),
(1231, 144, 336),
(1232, 143, 337),
(1233, 26, 337),
(1234, 182, 338),
(1235, 66, 338),
(1236, 73, 338),
(1237, 83, 338),
(1238, 21, 338),
(1239, 21, 338),
(1240, 90, 338),
(1241, 142, 339),
(1242, 158, 340),
(1243, 160, 340),
(1244, 202, 340),
(1245, 69, 340),
(1246, 82, 340),
(1247, 167, 340),
(1248, 158, 341),
(1249, 31, 341),
(1250, 91, 341),
(1251, 111, 341),
(1252, 102, 341),
(1253, 206, 341),
(1254, 91, 341),
(1255, 203, 342),
(1256, 187, 342),
(1257, 161, 342),
(1258, 113, 343),
(1259, 114, 343),
(1260, 54, 343),
(1261, 123, 344),
(1262, 143, 344),
(1263, 99, 344),
(1264, 27, 344),
(1265, 24, 344),
(1266, 32, 344),
(1267, 109, 344),
(1268, 189, 345),
(1269, 28, 345),
(1270, 11, 345),
(1271, 48, 345),
(1272, 149, 346),
(1273, 17, 346),
(1274, 107, 346),
(1275, 135, 346),
(1276, 83, 346),
(1277, 54, 346),
(1278, 26, 347),
(1279, 118, 348),
(1280, 160, 348),
(1281, 115, 348),
(1282, 33, 348),
(1283, 23, 349),
(1284, 33, 349),
(1285, 204, 349),
(1286, 21, 349),
(1287, 42, 349),
(1288, 137, 349),
(1289, 76, 350),
(1290, 55, 350),
(1291, 75, 350),
(1292, 174, 350),
(1293, 195, 350),
(1294, 48, 351),
(1295, 140, 351),
(1296, 129, 351),
(1297, 147, 351),
(1298, 5, 351),
(1299, 77, 351),
(1300, 162, 352),
(1301, 9, 352),
(1302, 147, 352),
(1303, 166, 352),
(1304, 185, 352),
(1305, 171, 353),
(1306, 15, 354),
(1307, 164, 354),
(1308, 174, 354),
(1309, 50, 354),
(1310, 196, 354),
(1311, 78, 355),
(1312, 62, 355),
(1313, 197, 355),
(1314, 83, 355),
(1315, 182, 356),
(1316, 189, 356),
(1317, 32, 356),
(1318, 95, 356),
(1319, 191, 356),
(1320, 148, 357),
(1321, 84, 357),
(1322, 69, 357),
(1323, 136, 357),
(1324, 69, 357),
(1325, 88, 358),
(1326, 88, 358),
(1327, 80, 358),
(1328, 116, 358),
(1329, 86, 358),
(1330, 32, 358),
(1331, 21, 358),
(1332, 116, 359),
(1333, 123, 359),
(1334, 17, 359),
(1335, 181, 359),
(1336, 32, 359),
(1337, 200, 360),
(1338, 191, 360),
(1339, 85, 360),
(1340, 24, 360),
(1341, 193, 361),
(1342, 9, 361),
(1343, 47, 361),
(1344, 135, 361),
(1345, 31, 361),
(1346, 113, 361),
(1347, 21, 362),
(1348, 116, 362),
(1349, 99, 362),
(1350, 80, 362),
(1351, 152, 362),
(1352, 3, 362),
(1353, 77, 362),
(1354, 96, 363),
(1355, 148, 363),
(1356, 41, 363),
(1357, 104, 363),
(1358, 109, 363),
(1359, 101, 364),
(1360, 182, 365),
(1361, 5, 365),
(1362, 150, 366),
(1363, 164, 367),
(1364, 82, 367),
(1365, 1, 367),
(1366, 113, 368),
(1367, 58, 369),
(1368, 114, 369),
(1369, 94, 369),
(1370, 48, 370),
(1371, 35, 371),
(1372, 98, 371),
(1373, 7, 372),
(1374, 12, 372),
(1375, 9, 372),
(1376, 39, 372),
(1377, 113, 372),
(1378, 84, 372),
(1379, 119, 372),
(1380, 159, 373),
(1381, 112, 373),
(1382, 52, 373),
(1383, 196, 373),
(1384, 128, 374),
(1385, 117, 374),
(1386, 136, 375),
(1387, 143, 375),
(1388, 54, 375),
(1389, 10, 375),
(1390, 53, 375),
(1391, 203, 376),
(1392, 166, 376),
(1393, 79, 376),
(1394, 160, 376),
(1395, 182, 376),
(1396, 65, 376),
(1397, 118, 377),
(1398, 98, 377),
(1399, 134, 377),
(1400, 138, 377),
(1401, 108, 378),
(1402, 48, 378),
(1403, 84, 378),
(1404, 198, 378),
(1405, 4, 378),
(1406, 65, 379),
(1407, 94, 379),
(1408, 181, 379),
(1409, 130, 379),
(1410, 29, 380),
(1411, 85, 380),
(1412, 198, 380),
(1413, 32, 381),
(1414, 130, 381),
(1415, 91, 381),
(1416, 130, 381),
(1417, 61, 381),
(1418, 160, 381),
(1419, 108, 381),
(1420, 128, 382),
(1421, 16, 382),
(1422, 167, 382),
(1423, 32, 382),
(1424, 30, 382),
(1425, 120, 382),
(1426, 103, 382),
(1427, 114, 382),
(1428, 155, 382),
(1429, 172, 383),
(1430, 10, 383),
(1431, 68, 383),
(1432, 192, 384),
(1433, 88, 384),
(1434, 195, 384),
(1435, 58, 384),
(1436, 156, 384),
(1437, 193, 385),
(1438, 144, 385),
(1439, 97, 385),
(1440, 126, 385),
(1441, 166, 385),
(1442, 45, 385),
(1443, 73, 386),
(1444, 156, 386),
(1445, 183, 386),
(1446, 199, 386),
(1447, 107, 387),
(1448, 18, 387),
(1449, 132, 387),
(1450, 2, 388),
(1451, 120, 388),
(1452, 198, 388),
(1453, 80, 388),
(1454, 59, 389),
(1455, 22, 389),
(1456, 116, 389),
(1457, 149, 389),
(1458, 13, 389),
(1459, 207, 389),
(1460, 77, 389),
(1461, 71, 390),
(1462, 207, 390),
(1463, 103, 390),
(1464, 146, 391),
(1465, 164, 391),
(1466, 78, 391),
(1467, 1, 391),
(1468, 198, 392),
(1469, 110, 392),
(1470, 168, 392),
(1471, 51, 392),
(1472, 34, 392),
(1473, 176, 392),
(1474, 194, 392),
(1475, 72, 392),
(1476, 77, 392),
(1477, 206, 393),
(1478, 1, 393),
(1479, 108, 393),
(1480, 155, 394),
(1481, 201, 394),
(1482, 91, 394),
(1483, 159, 394),
(1484, 194, 394),
(1485, 62, 394),
(1486, 148, 394),
(1487, 50, 394),
(1488, 198, 395),
(1489, 166, 395),
(1490, 196, 395),
(1491, 28, 396),
(1492, 1, 396),
(1493, 65, 396),
(1494, 63, 396),
(1495, 50, 396),
(1496, 62, 396),
(1497, 46, 397),
(1498, 200, 397),
(1499, 177, 397),
(1500, 8, 397),
(1501, 76, 397),
(1502, 190, 397),
(1503, 107, 397),
(1504, 180, 397),
(1505, 169, 398),
(1506, 95, 398),
(1507, 84, 398),
(1508, 124, 398),
(1509, 192, 398),
(1510, 185, 398),
(1511, 33, 398),
(1512, 172, 398),
(1513, 185, 398),
(1514, 19, 399),
(1515, 194, 399),
(1516, 49, 399),
(1517, 89, 400),
(1518, 147, 401),
(1519, 9, 401),
(1520, 85, 402),
(1521, 21, 402),
(1522, 76, 402),
(1523, 53, 402),
(1524, 96, 402),
(1525, 15, 402),
(1526, 18, 403),
(1527, 175, 403),
(1528, 140, 403),
(1529, 132, 403),
(1530, 180, 403),
(1531, 191, 404),
(1532, 76, 404),
(1533, 81, 404),
(1534, 203, 405),
(1535, 116, 405),
(1536, 4, 405),
(1537, 93, 405),
(1538, 133, 405),
(1539, 203, 405),
(1540, 35, 405),
(1541, 93, 405),
(1542, 100, 406),
(1543, 36, 407),
(1544, 206, 407),
(1545, 151, 407),
(1546, 112, 407),
(1547, 49, 408),
(1548, 146, 408),
(1549, 173, 408),
(1550, 23, 408),
(1551, 42, 408),
(1552, 101, 408),
(1553, 208, 408),
(1554, 186, 408),
(1555, 184, 409),
(1556, 33, 409),
(1557, 186, 409),
(1558, 174, 410),
(1559, 63, 410),
(1560, 126, 410),
(1561, 106, 410),
(1562, 171, 410),
(1563, 94, 410),
(1564, 56, 411),
(1565, 169, 411),
(1566, 23, 411),
(1567, 98, 411),
(1568, 150, 411),
(1569, 9, 412),
(1570, 45, 412),
(1571, 77, 412),
(1572, 92, 412),
(1573, 173, 412),
(1574, 11, 412),
(1575, 164, 412),
(1576, 184, 412),
(1577, 56, 413),
(1578, 21, 413),
(1579, 171, 413),
(1580, 4, 413),
(1581, 65, 413),
(1582, 136, 413),
(1583, 41, 413),
(1584, 15, 413),
(1585, 115, 414),
(1586, 12, 414),
(1587, 171, 414),
(1588, 196, 414),
(1589, 151, 414),
(1590, 140, 414),
(1591, 152, 414),
(1592, 89, 414),
(1593, 192, 415),
(1594, 175, 415),
(1595, 151, 415),
(1596, 10, 415),
(1597, 85, 415),
(1598, 121, 416),
(1599, 111, 416),
(1600, 97, 416),
(1601, 37, 416),
(1602, 172, 416),
(1603, 106, 416),
(1604, 103, 416),
(1605, 92, 416),
(1606, 193, 417),
(1607, 57, 417),
(1608, 132, 417),
(1609, 148, 418),
(1610, 84, 418),
(1611, 67, 418),
(1612, 152, 418),
(1613, 85, 419),
(1614, 40, 419),
(1615, 12, 419),
(1616, 191, 419),
(1617, 50, 419),
(1618, 63, 420),
(1619, 1, 420),
(1620, 89, 420),
(1621, 149, 420),
(1622, 118, 420),
(1623, 58, 421),
(1624, 195, 421),
(1625, 65, 421),
(1626, 196, 421),
(1627, 164, 421),
(1628, 188, 421),
(1629, 134, 421),
(1630, 118, 421),
(1631, 130, 421),
(1632, 103, 422),
(1633, 44, 422),
(1634, 203, 422),
(1635, 35, 423),
(1636, 27, 423),
(1637, 91, 423),
(1638, 129, 423),
(1639, 33, 423),
(1640, 72, 424),
(1641, 48, 424),
(1642, 106, 424),
(1643, 9, 424),
(1644, 7, 424),
(1645, 18, 424),
(1646, 60, 425),
(1647, 12, 425),
(1648, 72, 425),
(1649, 141, 425),
(1650, 60, 425),
(1651, 142, 425),
(1652, 104, 426),
(1653, 159, 426),
(1654, 6, 426),
(1655, 148, 426),
(1656, 162, 426),
(1657, 48, 427),
(1658, 146, 427),
(1659, 138, 427),
(1660, 196, 427),
(1661, 193, 427),
(1662, 141, 427),
(1663, 187, 427),
(1664, 187, 428),
(1665, 6, 428),
(1666, 150, 428),
(1667, 176, 428),
(1668, 35, 428),
(1669, 134, 428),
(1670, 23, 429),
(1671, 160, 429),
(1672, 176, 429),
(1673, 139, 429),
(1674, 137, 429),
(1675, 165, 429),
(1676, 111, 429),
(1677, 73, 429),
(1678, 160, 430),
(1679, 28, 430),
(1680, 24, 430),
(1681, 1, 430),
(1682, 90, 430),
(1683, 16, 430),
(1684, 50, 431),
(1685, 106, 431),
(1686, 55, 431),
(1687, 11, 431),
(1688, 157, 431),
(1689, 80, 431),
(1690, 70, 431),
(1691, 14, 432),
(1692, 50, 432),
(1693, 191, 432),
(1694, 59, 432),
(1695, 129, 433),
(1696, 14, 433),
(1697, 22, 433),
(1698, 60, 433),
(1699, 47, 433),
(1700, 59, 434),
(1701, 198, 434),
(1702, 24, 434),
(1703, 124, 434),
(1704, 112, 434),
(1705, 153, 434),
(1706, 98, 434),
(1707, 122, 434),
(1708, 91, 434),
(1709, 93, 435),
(1710, 176, 436),
(1711, 207, 436),
(1712, 112, 436),
(1713, 174, 436),
(1714, 67, 437),
(1715, 141, 437),
(1716, 163, 437),
(1717, 109, 438),
(1718, 96, 438),
(1719, 144, 439),
(1720, 24, 439),
(1721, 168, 440),
(1722, 200, 440),
(1723, 122, 440),
(1724, 125, 440),
(1725, 17, 440),
(1726, 84, 440),
(1727, 197, 440),
(1728, 8, 441),
(1729, 125, 441),
(1730, 5, 441),
(1731, 80, 441),
(1732, 95, 441),
(1733, 123, 442),
(1734, 49, 442),
(1735, 133, 442),
(1736, 110, 442),
(1737, 184, 442),
(1738, 141, 443),
(1739, 194, 443),
(1740, 150, 443),
(1741, 116, 443),
(1742, 136, 443),
(1743, 180, 443),
(1744, 148, 443),
(1745, 174, 444),
(1746, 88, 444),
(1747, 152, 444),
(1748, 143, 445),
(1749, 151, 446),
(1750, 151, 446),
(1751, 4, 446),
(1752, 63, 446),
(1753, 153, 446),
(1754, 197, 446),
(1755, 78, 446),
(1756, 165, 447),
(1757, 110, 447),
(1758, 189, 447),
(1759, 183, 447),
(1760, 2, 448),
(1761, 119, 448),
(1762, 110, 449),
(1763, 146, 449),
(1764, 115, 450),
(1765, 36, 450),
(1766, 72, 451),
(1767, 61, 451),
(1768, 1, 451),
(1769, 128, 451),
(1770, 178, 451),
(1771, 107, 452),
(1772, 94, 453),
(1773, 137, 453),
(1774, 158, 453),
(1775, 128, 453),
(1776, 61, 453),
(1777, 143, 453),
(1778, 36, 454),
(1779, 127, 454),
(1780, 171, 454),
(1781, 63, 454),
(1782, 34, 454),
(1783, 21, 454),
(1784, 145, 454),
(1785, 7, 454),
(1786, 83, 455),
(1787, 95, 455),
(1788, 200, 455),
(1789, 127, 455),
(1790, 79, 455),
(1791, 48, 456),
(1792, 68, 456),
(1793, 125, 456),
(1794, 207, 456),
(1795, 100, 456),
(1796, 86, 457),
(1797, 168, 457),
(1798, 164, 458),
(1799, 157, 458),
(1800, 143, 458),
(1801, 70, 458),
(1802, 66, 459),
(1803, 133, 459),
(1804, 79, 459),
(1805, 121, 459),
(1806, 157, 459),
(1807, 93, 459),
(1808, 53, 459),
(1809, 209, 460),
(1810, 8, 460),
(1811, 9, 460),
(1812, 177, 461),
(1813, 171, 461),
(1814, 94, 461),
(1815, 95, 461),
(1816, 68, 461),
(1817, 129, 461),
(1818, 163, 461),
(1819, 76, 462),
(1820, 188, 462),
(1821, 50, 462),
(1822, 151, 462),
(1823, 129, 462);

-- --------------------------------------------------------

--
-- Tablo için tablo yapısı `users`
--

CREATE TABLE `users` (
  `id` bigint(20) UNSIGNED NOT NULL,
  `name` varchar(255) COLLATE utf8mb4_unicode_ci NOT NULL,
  `email` varchar(255) COLLATE utf8mb4_unicode_ci NOT NULL,
  `email_verified_at` timestamp NULL DEFAULT NULL,
  `password` varchar(255) COLLATE utf8mb4_unicode_ci NOT NULL,
  `remember_token` varchar(100) COLLATE utf8mb4_unicode_ci DEFAULT NULL,
  `created_at` timestamp NULL DEFAULT NULL,
  `updated_at` timestamp NULL DEFAULT NULL
) ENGINE=InnoDB DEFAULT CHARSET=utf8mb4 COLLATE=utf8mb4_unicode_ci;

--
-- Dökümü yapılmış tablolar için indeksler
--

--
-- Tablo için indeksler `failed_jobs`
--
ALTER TABLE `failed_jobs`
  ADD PRIMARY KEY (`id`),
  ADD UNIQUE KEY `failed_jobs_uuid_unique` (`uuid`);

--
-- Tablo için indeksler `migrations`
--
ALTER TABLE `migrations`
  ADD PRIMARY KEY (`id`);

--
-- Tablo için indeksler `password_resets`
--
ALTER TABLE `password_resets`
  ADD KEY `password_resets_email_index` (`email`);

--
-- Tablo için indeksler `personal_access_tokens`
--
ALTER TABLE `personal_access_tokens`
  ADD PRIMARY KEY (`id`),
  ADD UNIQUE KEY `personal_access_tokens_token_unique` (`token`),
  ADD KEY `personal_access_tokens_tokenable_type_tokenable_id_index` (`tokenable_type`,`tokenable_id`);

--
-- Tablo için indeksler `products`
--
ALTER TABLE `products`
  ADD PRIMARY KEY (`product_id`),
  ADD UNIQUE KEY `products_name_unique` (`name`);

--
-- Tablo için indeksler `receipt`
--
ALTER TABLE `receipt`
  ADD PRIMARY KEY (`receipt_id`);

--
-- Tablo için indeksler `receipts_products`
--
ALTER TABLE `receipts_products`
  ADD PRIMARY KEY (`id`),
  ADD KEY `receipts_products_product_foreign` (`product`),
  ADD KEY `receipts_products_receipt_foreign` (`receipt`);

--
-- Tablo için indeksler `users`
--
ALTER TABLE `users`
  ADD PRIMARY KEY (`id`),
  ADD UNIQUE KEY `users_email_unique` (`email`);

--
-- Dökümü yapılmış tablolar için AUTO_INCREMENT değeri
--

--
-- Tablo için AUTO_INCREMENT değeri `failed_jobs`
--
ALTER TABLE `failed_jobs`
  MODIFY `id` bigint(20) UNSIGNED NOT NULL AUTO_INCREMENT;

--
-- Tablo için AUTO_INCREMENT değeri `migrations`
--
ALTER TABLE `migrations`
  MODIFY `id` int(10) UNSIGNED NOT NULL AUTO_INCREMENT, AUTO_INCREMENT=8;

--
-- Tablo için AUTO_INCREMENT değeri `personal_access_tokens`
--
ALTER TABLE `personal_access_tokens`
  MODIFY `id` bigint(20) UNSIGNED NOT NULL AUTO_INCREMENT;

--
-- Tablo için AUTO_INCREMENT değeri `products`
--
ALTER TABLE `products`
  MODIFY `product_id` bigint(20) UNSIGNED NOT NULL AUTO_INCREMENT, AUTO_INCREMENT=210;

--
-- Tablo için AUTO_INCREMENT değeri `receipt`
--
ALTER TABLE `receipt`
  MODIFY `receipt_id` bigint(20) UNSIGNED NOT NULL AUTO_INCREMENT, AUTO_INCREMENT=463;

--
-- Tablo için AUTO_INCREMENT değeri `receipts_products`
--
ALTER TABLE `receipts_products`
  MODIFY `id` bigint(20) UNSIGNED NOT NULL AUTO_INCREMENT, AUTO_INCREMENT=1824;

--
-- Tablo için AUTO_INCREMENT değeri `users`
--
ALTER TABLE `users`
  MODIFY `id` bigint(20) UNSIGNED NOT NULL AUTO_INCREMENT;

--
-- Dökümü yapılmış tablolar için kısıtlamalar
--

--
-- Tablo kısıtlamaları `receipts_products`
--
ALTER TABLE `receipts_products`
  ADD CONSTRAINT `receipts_products_product_foreign` FOREIGN KEY (`product`) REFERENCES `products` (`product_id`) ON DELETE CASCADE,
  ADD CONSTRAINT `receipts_products_receipt_foreign` FOREIGN KEY (`receipt`) REFERENCES `receipt` (`receipt_id`) ON DELETE CASCADE;
COMMIT;

/*!40101 SET CHARACTER_SET_CLIENT=@OLD_CHARACTER_SET_CLIENT */;
/*!40101 SET CHARACTER_SET_RESULTS=@OLD_CHARACTER_SET_RESULTS */;
/*!40101 SET COLLATION_CONNECTION=@OLD_COLLATION_CONNECTION */;
